shape,area_diff,abs_dist,centr_x_difference,centr_y_difference
tr_reg_000_rem.ply,44.45565207778279,233.24167758334673,0.30808331057518445,0.10490162321609757
